project_id,deployment_id,subproject_name,subproject_design,placename,longitude,latitude,start_date,end_date,event_name,event_description,event_type,bait_type,bait_description,feature_type,feature_type_methodology,camera_id,quiet_period,camera_functioning,sensor_height,height_other,sensor_orientation,orientation_other,recorded_by,plot_treatment,plot_treatment_description,detection_distance
,,,,,,,,,,,,,,,,,,,,,,,,,,
KONPLONG19-20,KONPLONG1920-59-68824,Phase 01,,KONPLONG1920-59-68824,108.17440595,14.99425151,2019-04-24 14:30:00,2019-08-04 13:10:00,,,,None,,None,,CAM68824,0,Unknown Failure,Knee height,,Parallel,,,,,
KONPLONG19-20,KONPLONG1920-59-68704,Phase 01,,KONPLONG1920-59-68704,108.17446287,14.9941619,2019-04-24 14:43:00,2019-08-05 18:44:00,,,,None,,None,,CAM68704,0,Unknown Failure,Knee height,,Parallel,,,,,
KONPLONG19-20,KONPLONG1920-60-68885,Phase 01,,KONPLONG1920-60-68885,108.19699827,14.99748421,2019-04-24 12:19:00,2019-07-31 22:11:00,,,,None,,None,,CAM68885,0,Unknown Failure,Knee height,,Parallel,,,,,
KONPLONG19-20,KONPLONG1920-60-67170,Phase 01,,KONPLONG1920-60-67170,108.19710141,14.99741323,2019-04-24 12:16:00,2019-06-13 7:00:00,,,,None,,None,,CAM67170,0,Unknown Failure,Knee height,,Parallel,,,,,
KONPLONG19-20,KONPLONG1920-61-68966,Phase 01,,KONPLONG1920-61-68966,108.2204306,14.99404139,2019-04-25 12:19:00,2019-08-08 7:43:00,,,,None,,None,,CAM68966,0,Unknown Failure,Knee height,,Parallel,,,,,
KONPLONG19-20,KONPLONG1920-61-68837,Phase 01,,KONPLONG1920-61-68837,108.22053327,14.99400651,2019-04-25 12:23:00,2019-07-03 2:49:00,,,,None,,None,,CAM68837,0,Unknown Failure,Knee height,,Parallel,,,,,
KONPLONG19-20,KONPLONG1920-78-68916,Phase 01,,KONPLONG1920-78-68916,108.17064153,14.96961162,2019-05-01 11:04:00,2019-08-01 0:00:00,,,,None,,None,,CAM68916,0,Unknown Failure,Knee height,,Parallel,,,,,
KONPLONG19-20,KONPLONG1920-78-68969,Phase 01,,KONPLONG1920-78-68969,108.17067845,14.96963014,2019-05-01 11:00:00,2019-08-15 14:05:00,,,,None,,None,,CAM68969,0,Unknown Failure,Knee height,,Parallel,,,,,
KONPLONG19-20,KONPLONG1920-79-67081,Phase 01,,KONPLONG1920-79-67081,108.20180929,14.97049305,2019-04-27 14:11:00,2019-08-07 8:40:00,,,,None,,None,,CAM67081,0,Unknown Failure,Knee height,,Parallel,,,,,
KONPLONG19-20,KONPLONG1920-79-66961,Phase 01,,KONPLONG1920-79-66961,108.20169993,14.97032913,2019-04-27 13:58:00,2019-07-31 20:54:00,,,,None,,None,,CAM66961,0,Unknown Failure,Knee height,,Parallel,,,,,
KONPLONG19-20,KONPLONG1920-80-67127,Phase 01,,KONPLONG1920-80-67127,108.21580515,14.96874964,2019-04-27 13:52:00,2019-07-03 21:46:00,,,,None,,None,,CAM67127,0,Unknown Failure,Knee height,,Parallel,,,,,
KONPLONG19-20,KONPLONG1920-80-68999,Phase 01,,KONPLONG1920-80-68999,108.21585125,14.9687773,2019-04-27 14:10:00,2019-07-30 23:33:00,,,,None,,None,,CAM68999,0,Unknown Failure,Knee height,,Parallel,,,,,
KONPLONG19-20,KONPLONG1920-81-68836,Phase 01,,KONPLONG1920-81-68836,108.24339101,14.9715506,2019-04-23 15:30:00,2019-07-08 0:24:00,,,,None,,None,,CAM68836,0,Unknown Failure,Knee height,,Parallel,,,,,
KONPLONG19-20,KONPLONG1920-81-66976,Phase 01,,KONPLONG1920-81-66976,108.24333608,14.97148671,2019-04-23 15:40:00,2019-07-27 10:27:00,,,,None,,None,,CAM66976,0,Unknown Failure,Knee height,,Parallel,,,,,
KONPLONG19-20,KONPLONG1920-96-66983,Phase 01,,KONPLONG1920-96-66983,108.14792838,14.94769819,2019-04-30 13:32:00,2019-08-06 2:04:00,,,,None,,None,,CAM66983,0,Unknown Failure,Knee height,,Parallel,,,,,
KONPLONG19-20,KONPLONG1920-96-68950,Phase 01,,KONPLONG1920-96-68950,108.147901,14.94766172,,2019-08-13 5:35:00,,,,None,,None,,CAM68950,0,Unknown Failure,Knee height,,Parallel,,,,,
KONPLONG19-20,KONPLONG1920-97-69005,Phase 01,,KONPLONG1920-97-69005,108.16880866,14.95071276,2019-05-01 14:13:00,2019-08-03 10:50:00,,,,None,,None,,CAM69005,0,Unknown Failure,Knee height,,Parallel,,,,,
KONPLONG19-20,KONPLONG1920-97-67072,Phase 01,,KONPLONG1920-97-67072,108.16893822,14.95075049,2019-05-01 14:10:00,2019-07-29 15:59:00,,,,None,,None,,CAM67072,0,Unknown Failure,Knee height,,Parallel,,,,,
KONPLONG19-20,KONPLONG1920-98-67062,Phase 01,,KONPLONG1920-98-67062,108.19379999,14.94842023,2019-05-01 12:14:00,2019-07-23 20:34:00,,,,None,,None,,CAM67062,0,Unknown Failure,Knee height,,Parallel,,,,,
KONPLONG19-20,KONPLONG1920-98-67102,Phase 01,,KONPLONG1920-98-67102,108.1937987,14.94851956,2019-05-01 12:25:00,2019-07-28 12:59:00,,,,None,,None,,CAM67102,0,Unknown Failure,Knee height,,Parallel,,,,,
KONPLONG19-20,KONPLONG1920-99-67135,Phase 01,,KONPLONG1920-99-67135,108.21777345,14.94797305,2019-04-22 10:59:00,2019-08-03 21:09:00,,,,None,,None,,CAM67135,0,Unknown Failure,Knee height,,Parallel,,,,,
KONPLONG19-20,KONPLONG1920-99-66928,Phase 01,,KONPLONG1920-99-66928,108.21782895,14.9479918,2019-04-22 11:06:00,2019-04-28 10:17:00,,,,None,,None,,CAM66928,0,Unknown Failure,Knee height,,Parallel,,,,,
KONPLONG19-20,KONPLONG1920-100-68952,Phase 01,,KONPLONG1920-100-68952,108.24175102,14.94795693,2019-04-21 15:16:00,2019-07-20 13:01:00,,,,None,,None,,CAM68952,0,Unknown Failure,Knee height,,Parallel,,,,,
KONPLONG19-20,KONPLONG1920-100-67096,Phase 01,,KONPLONG1920-100-67096,108.24163015,14.9479645,2019-04-21 15:10:00,2019-08-05 0:57:00,,,,None,,None,,CAM67096,0,Unknown Failure,Knee height,,Parallel,,,,,
KONPLONG19-20,KONPLONG1920-116-69014,Phase 01,,KONPLONG1920-116-69014,108.17163821,14.92618171,2019-05-03 14:18:00,2019-08-03 2:57:00,,,,None,,None,,CAM69014,0,Unknown Failure,Knee height,,Parallel,,,,,
KONPLONG19-20,KONPLONG1920-116-69013,Phase 01,,KONPLONG1920-116-69013,108.17168287,14.92631774,,2019-08-02 9:24:00,,,,None,,None,,CAM69013,0,Unknown Failure,Knee height,,Parallel,,,,,
KONPLONG19-20,KONPLONG1920-117-67101,Phase 01,,KONPLONG1920-117-67101,108.19438274,14.92501692,2019-05-02 13:04:00,2019-07-31 23:45:00,,,,None,,None,,CAM67101,0,Unknown Failure,Knee height,,Parallel,,,,,
KONPLONG19-20,KONPLONG1920-117-68998,Phase 01,,KONPLONG1920-117-68998,108.19452405,14.92486511,,2019-08-15 5:21:00,,,,None,,None,,CAM68998,0,Unknown Failure,Knee height,,Parallel,,,,,
KONPLONG19-20,KONPLONG1920-118-69022,Phase 01,,KONPLONG1920-118-69022,108.22144167,14.92424551,2019-04-21 11:06:00,2019-08-04 4:42:00,,,,None,,None,,CAM69022,0,Unknown Failure,Knee height,,Parallel,,,,,
KONPLONG19-20,KONPLONG1920-118-67128,Phase 01,,KONPLONG1920-118-67128,108.22141427,14.92420905,2019-04-21 11:15:00,2019-08-11 20:20:00,,,,None,,None,,CAM67128,0,Unknown Failure,Knee height,,Parallel,,,,,
KONPLONG19-20,KONPLONG1920-135-68988,Phase 01,,KONPLONG1920-135-68988,108.17102574,14.90554579,2019-05-02 10:34:00,2019-08-01 2:39:00,,,,None,,None,,CAM68988,0,Unknown Failure,Knee height,,Parallel,,,,,
KONPLONG19-20,KONPLONG1920-135-68861,Phase 01,,KONPLONG1920-135-68861,108.17106217,14.90560043,2019-05-02 10:52:00,2019-07-27 0:25:00,,,,None,,None,,CAM68861,0,Unknown Failure,Knee height,,Parallel,,,,,
KONPLONG19-20,KONPLONG1920-136-68947,Phase 01,,KONPLONG1920-136-68947,108.19359652,14.90113615,2019-05-03 9:55:00,2019-05-13 15:53:00,,,,None,,None,,CAM68947,0,Unknown Failure,Knee height,,Parallel,,,,,
KONPLONG19-20,KONPLONG1920-136-68920,Phase 01,,KONPLONG1920-136-68920,108.19362531,14.90106425,2019-05-03 10:13:00,2019-08-03 17:36:00,,,,None,,None,,CAM68920,0,Unknown Failure,Knee height,,Parallel,,,,,
KONPLONG19-20,KONPLONG1920-137-69029,Phase 01,,KONPLONG1920-137-69029,108.22328828,14.90123627,2019-04-21 11:42:00,2019-07-30 22:30:00,,,,None,,None,,CAM69029,0,Unknown Failure,Knee height,,Parallel,,,,,
KONPLONG19-20,KONPLONG1920-137-68973,Phase 01,,KONPLONG1920-137-68973,108.22320551,14.90117205,2019-04-21 11:45:00,2019-08-08 4:00:00,,,,None,,None,,CAM68973,0,Unknown Failure,Knee height,,Parallel,,,,,
KONPLONG19-20,KONPLONG1920-155-69018,Phase 01,,KONPLONG1920-155-69018,108.19362249,14.88048968,2019-05-03 13:26:00,2019-05-03 13:26:00,,,,None,,None,,CAM69018,0,Unknown Failure,Knee height,,Parallel,,,,,
KONPLONG19-20,KONPLONG1920-155-68992,Phase 01,,KONPLONG1920-155-68992,108.19364859,14.88062548,2019-05-03 13:33:00,2019-05-03 13:33:00,,,,None,,None,,CAM68992,0,Unknown Failure,Knee height,,Parallel,,,,,
KONPLONG19-20,KONPLONG1920-156-67168,Phase 01,,KONPLONG1920-156-67168,108.22028604,14.87607276,2019-04-20 11:37:00,2019-07-15 11:40:00,,,,None,,None,,CAM67168,0,Unknown Failure,Knee height,,Parallel,,,,,
KONPLONG19-20,KONPLONG1920-156-68965,Phase 01,,KONPLONG1920-156-68965,108.22025714,14.876153699999998,2019-04-20 11:49:00,2019-07-15 4:31:00,,,,None,,None,,CAM68965,0,Unknown Failure,Knee height,,Parallel,,,,,
KONPLONG19-20,KONPLONG1920-157-68990,Phase 01,,KONPLONG1920-157-68990,108.24042583,14.87852891,2019-04-19 11:39:00,2019-08-12 22:50:00,,,,None,,None,,CAM68990,0,Unknown Failure,Knee height,,Parallel,,,,,
KONPLONG19-20,KONPLONG1920-157-69004,Phase 01,,KONPLONG1920-157-69004,108.24032392,14.87850962,2019-04-19 12:14:00,2019-08-05 2:43:00,,,,None,,None,,CAM69004,0,Unknown Failure,Knee height,,Parallel,,,,,
KONPLONG19-20,KONPLONG1920-158-68823,Phase 01,,KONPLONG1920-158-68823,108.26533364,14.87854738,2019-04-30 9:51:00,2019-08-08 3:13:00,,,,None,,None,,CAM68823,0,Unknown Failure,Knee height,,Parallel,,,,,
KONPLONG19-20,KONPLONG1920-158-68872,Phase 01,,KONPLONG1920-158-68872,108.2652495,14.87859153,2019-04-30 9:51:00,2019-08-11 15:19:00,,,,None,,None,,CAM68872,0,Unknown Failure,Knee height,,Parallel,,,,,
KONPLONG19-20,KONPLONG1920-159-68876,Phase 01,,KONPLONG1920-159-68876,108.28782931,14.87913978,2019-04-30 13:55:00,2019-08-10 1:21:00,,,,None,,None,,CAM68876,0,Unknown Failure,Knee height,,Parallel,,,,,
KONPLONG19-20,KONPLONG1920-159-68938,Phase 01,,KONPLONG1920-159-68938,108.28782931,14.87913978,2019-04-30 13:55:00,2019-04-30 13:55:00,,,,None,,None,,CAM68938,0,Unknown Failure,Knee height,,Parallel,,,,,
KONPLONG19-20,KONPLONG1920-175-68808,Phase 01,,KONPLONG1920-175-68808,108.21740909,14.85708869,2019-04-20 11:38:00,2019-06-03 16:07:00,,,,None,,None,,CAM68808,0,Unknown Failure,Knee height,,Parallel,,,,,
KONPLONG19-20,KONPLONG1920-175-68906,Phase 01,,KONPLONG1920-175-68906,108.2174279,14.85707086,2019-04-20 11:57:00,2019-07-30 3:57:00,,,,None,,None,,CAM68906,0,Unknown Failure,Knee height,,Parallel,,,,,
KONPLONG19-20,KONPLONG1920-176-68978,Phase 01,,KONPLONG1920-176-68978,108.24054309,14.85981567,2019-04-19 10:40:00,2019-07-03 12:53:00,,,,None,,None,,CAM68978,0,Unknown Failure,Knee height,,Parallel,,,,,
KONPLONG19-20,KONPLONG1920-176-68922,Phase 01,,KONPLONG1920-176-68922,108.24049804,14.85970675,2019-04-19 10:52:00,2019-08-06 13:31:00,,,,None,,None,,CAM68922,0,Unknown Failure,Knee height,,Parallel,,,,,
KONPLONG19-20,KONPLONG1920-177-67011,Phase 01,,KONPLONG1920-177-67011,108.25861384,14.8561664,2019-05-03 10:18:00,2019-08-06 23:58:00,,,,None,,None,,CAM67011,0,Unknown Failure,Knee height,,Parallel,,,,,
KONPLONG19-20,KONPLONG1920-177-68874,Phase 01,,KONPLONG1920-177-68874,108.25851046,14.85626452,2019-05-03 10:12:00,2019-08-04 16:31:00,,,,None,,None,,CAM68874,0,Unknown Failure,Knee height,,Parallel,,,,,
KONPLONG19-20,KONPLONG1920-178-68900,Phase 01,,KONPLONG1920-178-68900,108.28639979,14.85531327,2019-04-28 11:31:00,2019-07-26 22:12:00,,,,None,,None,,CAM68900,0,Unknown Failure,Knee height,,Parallel,,,,,
KONPLONG19-20,KONPLONG1920-178-66941,Phase 01,,KONPLONG1920-178-66941,108.28629608,14.855438500000002,2019-04-28 11:49:00,2019-07-31 17:13:00,,,,None,,None,,CAM66941,0,Unknown Failure,Knee height,,Parallel,,,,,
KONPLONG19-20,KONPLONG1920-179-67111,Phase 01,,KONPLONG1920-179-67111,108.3087627,14.85521519,2019-04-27 12:22:00,2019-07-12 7:11:00,,,,None,,None,,CAM67111,0,Unknown Failure,Knee height,,Parallel,,,,,
KONPLONG19-20,KONPLONG1920-179-69216,Phase 01,,KONPLONG1920-179-69216,108.30875364,14.85519702,2019-04-27 12:01:00,2019-08-05 14:15:00,,,,None,,None,,CAM69216,0,Unknown Failure,Knee height,,Parallel,,,,,
KONPLONG19-20,KONPLONG1920-194-68908,Phase 01,,KONPLONG1920-194-68908,108.21513663,14.83587204,2019-05-03 10:29:00,2019-05-03 10:29:00,,,,None,,None,,CAM68908,0,Unknown Failure,Knee height,,Parallel,,,,,
KONPLONG19-20,KONPLONG1920-194-68858,Phase 01,,KONPLONG1920-194-68858,108.21518374,14.83581841,2019-05-03 10:40:00,2019-08-06 10:47:00,,,,None,,None,,CAM68858,0,Unknown Failure,Knee height,,Parallel,,,,,
KONPLONG19-20,KONPLONG1920-195-68873,Phase 01,,KONPLONG1920-195-68873,108.24145808,14.83601783,2019-04-19 13:00:00,2019-07-26 10:51:00,,,,None,,None,,CAM68873,0,Unknown Failure,Knee height,,Parallel,,,,,
KONPLONG19-20,KONPLONG1920-195-67054,Phase 01,,KONPLONG1920-195-67054,108.24131034,14.83595283,2019-04-19 13:09:00,2019-06-27 12:44:00,,,,None,,None,,CAM67054,0,Unknown Failure,Knee height,,Parallel,,,,,
KONPLONG19-20,KONPLONG1920-196-68890,Phase 01,,KONPLONG1920-196-68890,108.26123878,14.83577566,2019-05-03 11:30:00,2019-08-06 6:32:00,,,,None,,None,,CAM68890,0,Unknown Failure,Knee height,,Parallel,,,,,
KONPLONG19-20,KONPLONG1920-196-68822,Phase 01,,KONPLONG1920-196-68822,108.26124015,14.83566729,2019-05-03 11:56:00,2019-07-27 22:46:00,,,,None,,None,,CAM68822,0,Unknown Failure,Knee height,,Parallel,,,,,
KONPLONG19-20,KONPLONG1920-197-68980,Phase 01,,KONPLONG1920-197-68980,108.28618328,14.83546634,2019-04-27 10:30:00,2019-07-29 10:19:00,,,,None,,None,,CAM68980,0,Unknown Failure,Knee height,,Parallel,,,,,
KONPLONG19-20,KONPLONG1920-197-68974,Phase 01,,KONPLONG1920-197-68974,108.28615397,14.83558342,2019-04-27 10:36:00,2019-07-26 2:53:00,,,,None,,None,,CAM68974,0,Unknown Failure,Knee height,,Parallel,,,,,
KONPLONG19-20,KONPLONG1920-198-68909,Phase 01,,KONPLONG1920-198-68909,108.30894847,14.83195834,2019-04-25 10:26:00,2019-08-09 0:00:00,,,,None,,None,,CAM68909,0,Unknown Failure,Knee height,,Parallel,,,,,
KONPLONG19-20,KONPLONG1920-198-68959,Phase 01,,KONPLONG1920-198-68959,108.30888448,14.8318763,2019-04-25 10:26:00,2019-06-03 17:36:00,,,,None,,None,,CAM68959,0,Unknown Failure,Knee height,,Parallel,,,,,
KONPLONG19-20,KONPLONG1920-199-67136,Phase 01,,KONPLONG1920-199-67136,108.33054380000002,14.83295078,2019-04-25 10:24:00,2019-08-05 13:40:00,,,,None,,None,,CAM67136,0,Unknown Failure,Knee height,,Parallel,,,,,
KONPLONG19-20,KONPLONG1920-199-68921,Phase 01,,KONPLONG1920-199-68921,108.33058094,14.83295121,2019-04-25 18:25:00,2019-08-16 11:33:00,,,,None,,None,,CAM68921,0,Unknown Failure,Knee height,,Parallel,,,,,
KONPLONG19-20,KONPLONG1920-200-68962,Phase 01,,KONPLONG1920-200-68962,108.35221842,14.832813,2019-04-25 13:47:00,2019-05-06 22:00:00,,,,None,,None,,CAM68962,0,Unknown Failure,Knee height,,Parallel,,,,,
KONPLONG19-20,KONPLONG1920-200-68907,Phase 01,,KONPLONG1920-200-68907,108.35221842,14.832813,2019-04-25 13:46:00,2019-05-18 7:48:00,,,,None,,None,,CAM68907,0,Unknown Failure,Knee height,,Parallel,,,,,
KONPLONG19-20,KONPLONG1920-214-66936,Phase 01,,KONPLONG1920-214-66936,108.23796922,14.81900447,2019-05-03 12:12:00,2019-07-29 2:26:00,,,,None,,None,,CAM66936,0,Unknown Failure,Knee height,,Parallel,,,,,
KONPLONG19-20,KONPLONG1920-214-67163,Phase 01,,KONPLONG1920-214-67163,108.23776007,14.81865874,2019-05-03 12:19:00,2019-08-09 10:48:00,,,,None,,None,,CAM67163,0,Unknown Failure,Knee height,,Parallel,,,,,
KONPLONG19-20,KONPLONG1920-216-68924,Phase 01,,KONPLONG1920-216-68924,108.28530592,14.81572903,2019-04-27 13:43:00,2019-07-19 15:32:00,,,,None,,None,,CAM68924,0,Unknown Failure,Knee height,,Parallel,,,,,
KONPLONG19-20,KONPLONG1920-216-68948,Phase 01,,KONPLONG1920-216-68948,108.28537045,14.81576592,2019-04-27 13:44:00,2019-07-19 8:29:00,,,,None,,None,,CAM68948,0,Unknown Failure,Knee height,,Parallel,,,,,
KONPLONG19-20,KONPLONG1920-217-68976,Phase 01,,KONPLONG1920-217-68976,108.30938941,14.81130583,2019-04-24 11:22:00,2019-07-19 3:33:00,,,,None,,None,,CAM68976,0,Unknown Failure,Knee height,,Parallel,,,,,
KONPLONG19-20,KONPLONG1920-217-66998,Phase 01,,KONPLONG1920-217-66998,108.30937039,14.81134174,2019-04-24 11:38:00,2019-07-11 0:23:00,,,,None,,None,,CAM66998,0,Unknown Failure,Knee height,,Parallel,,,,,
KONPLONG19-20,KONPLONG1920-218-69002,Phase 01,,KONPLONG1920-218-69002,108.3303509,14.81157697,2019-04-24 10:20:00,2019-07-18 12:56:00,,,,None,,None,,CAM69002,0,Unknown Failure,Knee height,,Parallel,,,,,
KONPLONG19-20,KONPLONG1920-218-68825,Phase 01,,KONPLONG1920-218-68825,108.33036869,14.81164041,2019-04-24 10:37:00,2019-07-27 8:15:00,,,,None,,None,,CAM68825,0,Unknown Failure,Knee height,,Parallel,,,,,
KONPLONG19-20,KONPLONG1920-233-67035,Phase 01,,KONPLONG1920-233-67035,108.23744887,14.78900233,2019-05-03 3:05:00,2019-05-17 16:09:00,,,,None,,None,,CAM67035,0,Unknown Failure,Knee height,,Parallel,,,,,
KONPLONG19-20,KONPLONG1920-233-66935,Phase 01,,KONPLONG1920-233-66935,108.23747843,14.7888672,2019-05-03 3:12:00,2019-05-03 3:12:00,,,,None,,None,,CAM66935,0,Unknown Failure,Knee height,,Parallel,,,,,
KONPLONG19-20,KONPLONG1920-234-66927,Phase 01,,KONPLONG1920-234-66927,108.26207920000002,14.79107557,2019-05-04 11:40:00,2019-08-10 14:44:00,,,,None,,None,,CAM66927,0,Unknown Failure,Knee height,,Parallel,,,,,
KONPLONG19-20,KONPLONG1920-234-69227,Phase 01,,KONPLONG1920-234-69227,108.26156925,14.79102435,2019-05-04 11:40:00,2019-08-09 2:19:00,,,,None,,None,,CAM69227,0,Unknown Failure,Knee height,,Parallel,,,,,
KONPLONG19-20,KONPLONG1920-235-68995,Phase 01,,KONPLONG1920-235-68995,108.28122406,14.78865567,2019-05-05 8:41:00,2019-07-29 4:40:00,,,,None,,None,,CAM68995,0,Unknown Failure,Knee height,,Parallel,,,,,
KONPLONG19-20,KONPLONG1920-235-68979,Phase 01,,KONPLONG1920-235-68979,108.28127104,14.78861106,2019-05-05 8:32:00,2019-07-29 0:07:00,,,,None,,None,,CAM68979,0,Unknown Failure,Knee height,,Parallel,,,,,
KONPLONG19-20,KONPLONG1920-236-67150,Phase 01,,KONPLONG1920-236-67150,108.31005236,14.79068297,2019-04-20 12:02:00,2019-07-04 19:29:00,,,,None,,None,,CAM67150,0,Unknown Failure,Knee height,,Parallel,,,,,
KONPLONG19-20,KONPLONG1920-236-66989,Phase 01,,KONPLONG1920-236-66989,108.31006198,14.79065599,2019-04-20 12:11:00,2019-07-13 3:11:00,,,,None,,None,,CAM66989,0,Unknown Failure,Knee height,,Parallel,,,,,
KONPLONG19-20,KONPLONG1920-237-68840,Phase 01,,KONPLONG1920-237-68840,108.33033381,14.78870573,2019-04-21 10:59:00,2019-07-29 18:59:00,,,,None,,None,,CAM68840,0,Unknown Failure,Knee height,,Parallel,,,,,
KONPLONG19-20,KONPLONG1920-237-67075,Phase 01,,KONPLONG1920-237-67075,108.33026894,14.78869595,2019-04-21 11:00:00,2019-06-06 1:26:00,,,,None,,None,,CAM67075,0,Unknown Failure,Knee height,,Parallel,,,,,
KONPLONG19-20,KONPLONG1920-238-69217,Phase 01,,KONPLONG1920-238-69217,108.35525399,14.78621985,2019-05-06 11:47:00,2019-07-31 22:34:00,,,,None,,None,,CAM69217,0,Unknown Failure,Knee height,,Parallel,,,,,
KONPLONG19-20,KONPLONG1920-238-67105,Phase 01,,KONPLONG1920-238-67105,108.35527244,14.7862291,2019-05-06 11:40:00,2019-07-19 16:59:00,,,,None,,None,,CAM67105,0,Unknown Failure,Knee height,,Parallel,,,,,
KONPLONG19-20,KONPLONG1920-253-67027,Phase 01,,KONPLONG1920-253-67027,108.26246957,14.76882445,2019-05-04 11:47:00,2019-08-04 0:16:00,,,,None,,None,,CAM67027,0,Unknown Failure,Knee height,,Parallel,,,,,
KONPLONG19-20,KONPLONG1920-253-67026,Phase 01,,KONPLONG1920-253-67026,108.26253476,14.76880716,2019-05-04 11:40:00,2019-07-19 23:48:00,,,,None,,None,,CAM67026,0,Unknown Failure,Knee height,,Parallel,,,,,
KONPLONG19-20,KONPLONG1920-254-68841,Phase 01,,KONPLONG1920-254-68841,108.28422179999998,14.76856657,2019-05-05 11:05:00,2019-07-20 3:47:00,,,,None,,None,,CAM68841,0,Unknown Failure,Knee height,,Parallel,,,,,
KONPLONG19-20,KONPLONG1920-254-67014,Phase 01,,KONPLONG1920-254-67014,108.28422136,14.7686027,2019-05-05 11:20:00,2019-07-10 18:01:00,,,,None,,None,,CAM67014,0,Unknown Failure,Knee height,,Parallel,,,,,
KONPLONG19-20,KONPLONG1920-255-66962,Phase 01,,KONPLONG1920-255-66962,108.30766874,14.76866061,2019-04-20 11:32:00,2019-07-25 7:09:00,,,,None,,None,,CAM66962,0,Unknown Failure,Knee height,,Parallel,,,,,
KONPLONG19-20,KONPLONG1920-255-68810,Phase 01,,KONPLONG1920-255-68810,108.3076021,14.76879532,2019-04-20 11:30:00,2019-07-31 19:07:00,,,,None,,None,,CAM68810,0,Unknown Failure,Knee height,,Parallel,,,,,
KONPLONG19-20,KONPLONG1920-256-68919,Phase 01,,KONPLONG1920-256-68919,108.32970989,14.76456284,2019-04-21 11:00:00,2019-07-24 13:15:00,,,,None,,None,,CAM68919,0,Unknown Failure,Knee height,,Parallel,,,,,
KONPLONG19-20,KONPLONG1920-256-68859,Phase 01,,KONPLONG1920-256-68859,108.32970989,14.76456284,2019-04-21 11:02:00,2019-07-30 4:31:00,,,,None,,None,,CAM68859,0,Unknown Failure,Knee height,,Parallel,,,,,
KONPLONG19-20,KONPLONG1920-257-66996,Phase 01,,KONPLONG1920-257-66996,108.35809585,14.76771674,2019-05-06 12:18:00,2019-08-01 5:54:00,,,,None,,None,,CAM66996,0,Unknown Failure,Knee height,,Parallel,,,,,
KONPLONG19-20,KONPLONG1920-257-67119,Phase 01,,KONPLONG1920-257-67119,108.35800991,14.76791448,2019-05-06 12:15:00,2019-07-28 20:26:00,,,,None,,None,,CAM67119,0,Unknown Failure,Knee height,,Parallel,,,,,
KONPLONG19-20,KONPLONG1920-272-68930,Phase 01,,KONPLONG1920-272-68930,108.25991683,14.74512034,2019-04-16 11:03:00,2019-07-15 10:12:00,,,,None,,None,,CAM68930,0,Unknown Failure,Knee height,,Parallel,,,,,
KONPLONG19-20,KONPLONG1920-272-68946,Phase 01,,KONPLONG1920-272-68946,108.25991773,14.74504809,2019-04-16 11:21:00,2019-04-30 10:25:00,,,,None,,None,,CAM68946,0,Unknown Failure,Knee height,,Parallel,,,,,
KONPLONG19-20,KONPLONG1920-273-66929,Phase 01,,KONPLONG1920-273-66929,108.2856991,14.74452128,2019-04-13 12:59:00,2019-07-12 20:16:00,,,,None,,None,,CAM66929,0,Unknown Failure,Knee height,,Parallel,,,,,
KONPLONG19-20,KONPLONG1920-273-69020,Phase 01,,KONPLONG1920-273-69020,108.28570805,14.74454848,2019-04-13 12:57:00,2019-07-14 14:02:00,,,,None,,None,,CAM69020,0,Unknown Failure,Knee height,,Parallel,,,,,
KONPLONG19-20,KONPLONG1920-274-68939,Phase 01,,KONPLONG1920-274-68939,108.30716132,14.74503425,2019-04-13 17:25:00,2019-07-13 3:41:00,,,,None,,None,,CAM68939,0,Unknown Failure,Knee height,,Parallel,,,,,
KONPLONG19-20,KONPLONG1920-274-68857,Phase 01,,KONPLONG1920-274-68857,108.3071876,14.74516101,2019-04-13 17:24:00,2019-07-13 3:41:00,,,,None,,None,,CAM68857,0,Unknown Failure,Knee height,,Parallel,,,,,
KONPLONG19-20,KONPLONG1920-275-69021,Phase 01,,KONPLONG1920-275-69021,108.33109086,14.7426742,2019-04-13 14:27:00,2019-07-10 11:22:00,,,,None,,None,,CAM69021,0,Unknown Failure,Knee height,,Parallel,,,,,
KONPLONG19-20,KONPLONG1920-275-69008,Phase 01,,KONPLONG1920-275-69008,108.3311735,14.74274742,2019-04-13 14:23:00,2019-07-09 16:24:00,,,,None,,None,,CAM69008,0,Unknown Failure,Knee height,,Parallel,,,,,
KONPLONG19-20,KONPLONG1920-276-68994,Phase 01,,KONPLONG1920-276-68994,108.35254009999998,14.74200849,2019-04-13 11:10:00,2019-07-04 1:06:00,,,,None,,None,,CAM68994,0,Unknown Failure,Knee height,,Parallel,,,,,
KONPLONG19-20,KONPLONG1920-276-69012,Phase 01,,KONPLONG1920-276-69012,108.35251193,14.74203527,2019-04-13 11:12:00,2019-06-29 4:33:00,,,,None,,None,,CAM69012,0,Unknown Failure,Knee height,,Parallel,,,,,
KONPLONG19-20,KONPLONG1920-291-68826,Phase 01,,KONPLONG1920-291-68826,108.26186242,14.72238177,2019-04-16 12:00:00,2019-07-20 12:13:00,,,,None,,None,,CAM68826,0,Unknown Failure,Knee height,,Parallel,,,,,
KONPLONG19-20,KONPLONG1920-291-69228,Phase 01,,KONPLONG1920-291-69228,108.26198587,14.72215742,2019-04-16 12:11:00,2019-07-13 17:26:00,,,,None,,None,,CAM69228,0,Unknown Failure,Knee height,,Parallel,,,,,
KONPLONG19-20,KONPLONG1920-292-66990,Phase 01,,KONPLONG1920-292-66990,108.28599491,14.72139239,2019-04-15 11:01:00,2019-06-24 22:20:00,,,,None,,None,,CAM66990,0,Unknown Failure,Knee height,,Parallel,,,,,
KONPLONG19-20,KONPLONG1920-292-69028,Phase 01,,KONPLONG1920-292-69028,108.28593934,14.72138271,2019-04-15 10:59:00,2019-07-19 22:17:00,,,,None,,None,,CAM69028,0,Unknown Failure,Knee height,,Parallel,,,,,
KONPLONG19-20,KONPLONG1920-293-68875,Phase 01,,KONPLONG1920-293-68875,108.30824391,14.72037857,2019-04-14 10:20:00,2019-07-25 12:09:00,,,,None,,None,,CAM68875,0,Unknown Failure,Knee height,,Parallel,,,,,
KONPLONG19-20,KONPLONG1920-293-68954,Phase 01,,KONPLONG1920-293-68954,108.30848584,14.72032719,2019-04-14 10:23:00,2019-07-10 4:37:00,,,,None,,None,,CAM68954,0,Unknown Failure,Knee height,,Parallel,,,,,
KONPLONG19-20,KONPLONG1920-294-68839,Phase 01,,KONPLONG1920-294-68839,108.32982032,14.72126074,2019-04-14 10:13:00,2019-07-12 19:11:00,,,,None,,None,,CAM68839,0,Unknown Failure,Knee height,,Parallel,,,,,
KONPLONG19-20,KONPLONG1920-294-67061,Phase 01,,KONPLONG1920-294-67061,108.32980994,14.72135095,2019-04-14 10:15:00,2019-07-07 19:50:00,,,,None,,None,,CAM67061,0,Unknown Failure,Knee height,,Parallel,,,,,
KONPLONG19-20,KONPLONG1920-295-68809,Phase 01,,KONPLONG1920-295-68809,108.35083378,14.71884648,2019-04-15 9:49:00,2019-07-12 10:10:00,,,,None,,None,,CAM68809,0,Unknown Failure,Knee height,,Parallel,,,,,
KONPLONG19-20,KONPLONG1920-295-69106,Phase 01,,KONPLONG1920-295-69106,108.35085267,14.71881959,2019-04-15 9:47:00,2019-07-26 23:37:00,,,,None,,None,,CAM69106,0,Unknown Failure,Knee height,,Parallel,,,,,
KONPLONG19-20,KONPLONG1920-310-68953,Phase 01,,KONPLONG1920-310-68953,108.25921501,14.701034,2019-04-11 11:44:00,2019-07-07 3:43:00,,,,None,,None,,CAM68953,0,Unknown Failure,Knee height,,Parallel,,,,,
KONPLONG19-20,KONPLONG1920-310-68942,Phase 01,,KONPLONG1920-310-68942,108.25920494,14.70109711,2019-04-11 11:46:00,2019-07-13 1:06:00,,,,None,,None,,CAM68942,0,Unknown Failure,Knee height,,Parallel,,,,,
KONPLONG19-20,KONPLONG1920-311-68975,Phase 01,,KONPLONG1920-311-68975,108.28390951,14.70017757,2019-04-11 13:12:00,2019-07-22 15:12:00,,,,None,,None,,CAM68975,0,Unknown Failure,Knee height,,Parallel,,,,,
KONPLONG19-20,KONPLONG1920-311-69025,Phase 01,,KONPLONG1920-311-69025,108.28378006,14.70013993,2019-04-11 13:10:00,2019-07-20 8:13:00,,,,None,,None,,CAM69025,0,Unknown Failure,Knee height,,Parallel,,,,,
KONPLONG19-20,KONPLONG1920-329-69001,Phase 01,,KONPLONG1920-329-69001,108.25980959,14.6764187,2019-04-10 13:07:00,2019-07-13 11:55:00,,,,None,,None,,CAM69001,0,Unknown Failure,Knee height,,Parallel,,,,,
KONPLONG19-20,KONPLONG1920-329-68986,Phase 01,,KONPLONG1920-329-68986,108.25989072,14.67660934,2019-04-10 13:07:00,2019-07-07 23:41:00,,,,None,,None,,CAM68986,0,Unknown Failure,Knee height,,Parallel,,,,,
KONPLONG19-20,KONPLONG1920-330-68912,Phase 01,,KONPLONG1920-330-68912,108.28410462,14.67537644,2019-04-10 11:02:00,2019-07-18 19:26:00,,,,None,,None,,CAM68912,0,Unknown Failure,Knee height,,Parallel,,,,,
KONPLONG19-20,KONPLONG1920-330-67139,Phase 01,,KONPLONG1920-330-67139,108.28412183,14.67548503,2019-04-10 11:00:00,2019-07-16 0:19:00,,,,None,,None,,CAM67139,0,Unknown Failure,Knee height,,Parallel,,,,,
KONPLONG19-20,KONPLONG1920-348-69010,Phase 01,,KONPLONG1920-348-69010,108.26082872,14.65491549,2019-04-11 14:09:00,2019-07-25 11:40:00,,,,None,,None,,CAM69010,0,Unknown Failure,Knee height,,Parallel,,,,,
KONPLONG19-20,KONPLONG1920-348-69324,Phase 01,,KONPLONG1920-348-69324,108.26083721,14.65497882,2019-04-11 14:10:00,2019-07-11 10:46:00,,,,None,,None,,CAM69324,0,Unknown Failure,Knee height,,Parallel,,,,,
KONPLONG19-20,KONPLONG1920-222-66976,Phase 02,,KONPLONG1920-222-66976,108.42106972,14.80654975,2019-10-12 15:28:00,2019-12-08 11:12:00,,,,None,,None,,CAM66976,0,Unknown Failure,Knee height,,Parallel,,,,,
KONPLONG19-20,KONPLONG1920-222-68861,Phase 02,,KONPLONG1920-222-68861,108.42105212,14.80646825,2019-10-12 8:14:00,2019-12-08 11:10:00,,,,None,,None,,CAM68861,0,Unknown Failure,Knee height,,Parallel,,,,,
KONPLONG19-20,KONPLONG1920-239-68975,Phase 02,,KONPLONG1920-239-68975,108.37632802,14.7870297,2019-10-10 9:52:00,2019-12-08 14:14:00,,,,None,,None,,CAM68975,0,Unknown Failure,Knee height,,Parallel,,,,,
KONPLONG19-20,KONPLONG1920-239-69010,Phase 02,,KONPLONG1920-239-69010,108.37636537,14.78701206,2019-10-10 9:59:00,2019-12-08 14:14:00,,,,None,,None,,CAM69010,0,Unknown Failure,Knee height,,Parallel,,,,,
KONPLONG19-20,KONPLONG1920-240-66927,Phase 02,,KONPLONG1920-240-66927,108.39866484,14.78864682,2019-10-11 10:40:00,2019-12-08 12:34:00,,,,None,,None,,CAM66927,0,Unknown Failure,Knee height,,Parallel,,,,,
KONPLONG19-20,KONPLONG1920-240-69228,Phase 02,,KONPLONG1920-240-69228,108.39868297,14.78868316,2019-10-11 10:42:00,2019-12-08 12:34:00,,,,None,,None,,CAM69228,0,Unknown Failure,Knee height,,Parallel,,,,,
KONPLONG19-20,KONPLONG1920-242-66936,Phase 02,,KONPLONG1920-242-66936,108.44696438,14.78687417,2019-10-29 10:40:00,2020-01-06 10:23:00,,,,None,,None,,CAM66936,0,Unknown Failure,Knee height,,Parallel,,,,,
KONPLONG19-20,KONPLONG1920-242-68999,Phase 02,,KONPLONG1920-242-68999,108.44705689,14.7869023,2019-10-29 10:55:00,2020-01-06 10:20:00,,,,None,,None,,CAM68999,0,Unknown Failure,Knee height,,Parallel,,,,,
KONPLONG19-20,KONPLONG1920-243-67027,Phase 02,,KONPLONG1920-243-67027,108.47133227,14.78642001,2019-10-27 10:47:00,2020-01-05 9:36:00,,,,None,,None,,CAM67027,0,Unknown Failure,Knee height,,Parallel,,,,,
KONPLONG19-20,KONPLONG1920-243-68942,Phase 02,,KONPLONG1920-243-68942,108.47130337,14.78651003,2019-10-27 10:51:00,2020-01-05 9:36:00,,,,None,,None,,CAM68942,0,Unknown Failure,Knee height,,Parallel,,,,,
KONPLONG19-20,KONPLONG1920-258-68809,Phase 02,,KONPLONG1920-258-68809,108.37880144,14.76272261,2019-10-10 13:17:00,2019-7-12 12:44:00,,,,None,,None,,CAM68809,0,Unknown Failure,Knee height,,Parallel,,,,,
KONPLONG19-20,KONPLONG1920-258-68924,Phase 02,,KONPLONG1920-258-68924,108.37876431,14.76272219,2019-10-10 13:18:00,2019-7-12 12:45:00,,,,None,,None,,CAM68924,0,Unknown Failure,Knee height,,Parallel,,,,,
KONPLONG19-20,KONPLONG1920-259-67014,Phase 02,,KONPLONG1920-259-67014,108.39946452,14.76749094,2019-10-11 15:18:00,2019-7-12 13:56:00,,,,None,,None,,CAM67014,0,Unknown Failure,Knee height,,Parallel,,,,,
KONPLONG19-20,KONPLONG1920-259-67101,Phase 02,,KONPLONG1920-259-67101,108.39942803,14.76743633,2019-10-11 15:13:00,2019-7-12 13:58:00,,,,None,,None,,CAM67101,0,Unknown Failure,Knee height,,Parallel,,,,,
KONPLONG19-20,KONPLONG1920-260-68857,Phase 02,,KONPLONG1920-260-68857,108.42738591,14.76539187,2019-11-07 13:20:00,2019-11-07 13:20:00,,,,None,,None,,CAM68857,0,Unknown Failure,Knee height,,Parallel,,,,,
KONPLONG19-20,KONPLONG1920-260-68874,Phase 02,,KONPLONG1920-260-68874,108.42731197,14.76536395,2019-11-07 13:05:00,2020-01-13 10:23:00,,,,None,,None,,CAM68874,0,Unknown Failure,Knee height,,Parallel,,,,,
KONPLONG19-20,KONPLONG1920-261-67061,Phase 02,,KONPLONG1920-261-67061,108.44748511,14.76455804,2019-11-08 10:31:00,2020-01-12 13:28:00,,,,None,,None,,CAM67061,0,Unknown Failure,Knee height,,Parallel,,,,,
KONPLONG19-20,KONPLONG1920-261-69234,Phase 02,,KONPLONG1920-261-69234,108.44748574,14.76450384,2019-11-08 10:22:00,2020-01-12 13:28:00,,,,None,,None,,CAM69234,0,Unknown Failure,Knee height,,Parallel,,,,,
KONPLONG19-20,KONPLONG1920-277-68826,Phase 02,,KONPLONG1920-277-68826,108.37817657,14.74282456,2019-10-08 15:38:00,2019-7-12 11:27:00,,,,None,,None,,CAM68826,0,Unknown Failure,Knee height,,Parallel,,,,,
KONPLONG19-20,KONPLONG1920-277-69227,Phase 02,,KONPLONG1920-277-69227,108.3780175,14.74293115,2019-10-08 15:43:00,2019-7-12 11:27:00,,,,None,,None,,CAM69227,0,Unknown Failure,Knee height,,Parallel,,,,,
KONPLONG19-20,KONPLONG1920-278-68822,Phase 02,,KONPLONG1920-278-68822,108.40012965,14.74042573,2019-10-08 12:46:00,2019-7-12 10:12:00,,,,None,,None,,CAM68822,0,Unknown Failure,Knee height,,Parallel,,,,,
KONPLONG19-20,KONPLONG1920-278-68939,Phase 02,,KONPLONG1920-278-68939,108.40009177,14.74048853,2019-10-08 12:37:00,2019-21-11 2:23:00,,,,None,,None,,CAM68939,0,Unknown Failure,Knee height,,Parallel,,,,,
KONPLONG19-20,KONPLONG1920-280-67163,Phase 02,,KONPLONG1920-280-67163,108.44661894,14.74172969,2019-11-06 10:03:00,2020-5-1 11:24:00,,,,None,,None,,CAM67163,0,Unknown Failure,Knee height,,Parallel,,,,,
KONPLONG19-20,KONPLONG1920-280-68930,Phase 02,,KONPLONG1920-280-68930,108.44663772,14.74171183,2019-11-06 10:16:00,2020-5-1 11:25:00,,,,None,,None,,CAM68930,0,Unknown Failure,Knee height,,Parallel,,,,,
KONPLONG19-20,KONPLONG1920-296-67011,Phase 02,,KONPLONG1920-296-67011,108.3768754,14.71970304,2019-10-06 11:04:00,2019-1-12 12:48:00,,,,None,,None,,CAM67011,0,Unknown Failure,Knee height,,Parallel,,,,,
KONPLONG19-20,KONPLONG1920-296-68872,Phase 02,,KONPLONG1920-296-68872,108.3768482,14.71964853,2019-10-06 11:03:00,2019-1-12 12:48:00,,,,None,,None,,CAM68872,0,Unknown Failure,Knee height,,Parallel,,,,,
KONPLONG19-20,KONPLONG1920-297-68839,Phase 02,,KONPLONG1920-297-68839,108.40025601,14.71881953,2019-10-07 12:25:00,2019-18-11 11:33:00,,,,None,,None,,CAM68839,0,Unknown Failure,Knee height,,Parallel,,,,,
KONPLONG19-20,KONPLONG1920-297-69001,Phase 02,,KONPLONG1920-297-69001,108.40033089,14.71876617,2019-10-07 12:36:00,2019-1-12 4:15:00,,,,None,,None,,CAM69001,0,Unknown Failure,Knee height,,Parallel,,,,,
KONPLONG19-20,KONPLONG1920-298-67035,Phase 02,,KONPLONG1920-298-67035,108.42336924,14.72017095,2019-10-26 10:28:00,2020-3-1 3:30:00,,,,None,,None,,CAM67035,0,Unknown Failure,Knee height,,Parallel,,,,,
KONPLONG19-20,KONPLONG1920-298-68858,Phase 02,,KONPLONG1920-298-68858,108.42336903,14.72018901,2019-10-26 10:32:00,2020-11-1 11:04:00,,,,None,,None,,CAM68858,0,Unknown Failure,Knee height,,Parallel,,,,,
KONPLONG19-20,KONPLONG1920-299-67135,Phase 02,,KONPLONG1920-299-67135,108.44635325,14.71912476,2019-10-26 12:15:00,2020-11-1 11:59:00,,,,None,,None,,CAM67135,0,Unknown Failure,Knee height,,Parallel,,,,,
KONPLONG19-20,KONPLONG1920-299-68890,Phase 02,,KONPLONG1920-299-68890,108.4463522,14.71921509,2019-10-26 12:25:00,2020-11-1 11:59:00,,,,None,,None,,CAM68890,0,Unknown Failure,Knee height,,Parallel,,,,,
KONPLONG19-20,KONPLONG1920-314-68908,Phase 02,,KONPLONG1920-314-68908,108.35261237,14.69912069,2019-10-05 11:30:00,2019-30-11 12:54:00,,,,None,,None,,CAM68908,0,Unknown Failure,Knee height,,Parallel,,,,,
KONPLONG19-20,KONPLONG1920-314-68953,Phase 02,,KONPLONG1920-314-68953,108.35277109,14.69904121,2019-10-05 11:35:00,2019-30-11 12:54:00,,,,None,,None,,CAM68953,0,Unknown Failure,Knee height,,Parallel,,,,,
KONPLONG19-20,KONPLONG1920-315-68810,Phase 02,,KONPLONG1920-315-68810,108.37768773,14.69754488,2019-10-06 9:39:00,2019-1-12 13:18:00,,,,None,,None,,CAM68810,0,Unknown Failure,Knee height,,Parallel,,,,,
KONPLONG19-20,KONPLONG1920-315-68912,Phase 02,,KONPLONG1920-315-68912,108.37760304,14.69764328,2019-10-06 9:41:00,2019-1-12 13:17:00,,,,None,,None,,CAM68912,0,Unknown Failure,Knee height,,Parallel,,,,,
KONPLONG19-20,KONPLONG1920-316-69008,Phase 02,,KONPLONG1920-316-69008,108.39867532,14.69870271,2019-10-07 15:12:00,2019-1-12 11:26:00,,,,None,,None,,CAM69008,0,Unknown Failure,Knee height,,Parallel,,,,,
KONPLONG19-20,KONPLONG1920-316-69028,Phase 02,,KONPLONG1920-316-69028,108.3987024,14.69876625,2019-10-07 15:06:00,2019-1-12 11:25:00,,,,None,,None,,CAM69028,0,Unknown Failure,Knee height,,Parallel,,,,,
KONPLONG19-20,KONPLONG1920-317-67096,Phase 02,,KONPLONG1920-317-67096,108.42266702,14.69618839,2019-10-25 10:29:00,2020-4-1 10:29:00,,,,None,,None,,CAM67096,0,Unknown Failure,Knee height,,Parallel,,,,,
KONPLONG19-20,KONPLONG1920-317-68837,Phase 02,,KONPLONG1920-317-68837,108.42263781,14.6963055,2019-10-25 10:20:00,2019-2-12 1:07:00,,,,None,,None,,CAM68837,0,Unknown Failure,Knee height,,Parallel,,,,,
KONPLONG19-20,KONPLONG1920-332-66929,Phase 02,,KONPLONG1920-332-66929,108.32936069,14.67663315,2019-10-05 9:34:00,2019-30-11 8:10:00,,,,None,,None,,CAM66929,0,Unknown Failure,Knee height,,Parallel,,,,,
KONPLONG19-20,KONPLONG1920-332-68986,Phase 02,,KONPLONG1920-332-68986,108.3295278,14.67662604,2019-10-05 9:28:00,2019-30-11 8:09:00,,,,None,,None,,CAM68986,0,Unknown Failure,Knee height,,Parallel,,,,,
KONPLONG19-20,KONPLONG1920-333-67026,Phase 02,,KONPLONG1920-333-67026,108.35396738,14.67598454,2019-10-04 15:18:00,2019-29-11 11:01:00,,,,None,,None,,CAM67026,0,Unknown Failure,Knee height,,Parallel,,,,,
KONPLONG19-20,KONPLONG1920-333-69020,Phase 02,,KONPLONG1920-333-69020,108.35390266,14.67596574,2019-10-04 15:14:00,2019-25-11 13:31:00,,,,None,,None,,CAM69020,0,Unknown Failure,Knee height,,Parallel,,,,,
KONPLONG19-20,KONPLONG1920-334-67139,Phase 02,,KONPLONG1920-334-67139,108.37697187,14.6750984,2019-10-25 13:12:00,2020-4-1 13:18:00,,,,None,,None,,CAM67139,0,Unknown Failure,Knee height,,Parallel,,,,,
KONPLONG19-20,KONPLONG1920-334-68906,Phase 02,,KONPLONG1920-334-68906,108.3768696,14.67511531,2019-10-25 13:06:00,2020-4-1 13:18:00,,,,None,,None,,CAM68906,0,Unknown Failure,Knee height,,Parallel,,,,,
KONPLONG19-20,KONPLONG1920-335-68823,Phase 02,,KONPLONG1920-335-68823,108.39957132,14.67473837,2019-10-06 13:50:00,2019-11-12 17:29:00,,,,None,,None,,CAM68823,0,Unknown Failure,Knee height,,Parallel,,,,,
KONPLONG19-20,KONPLONG1920-335-68946,Phase 02,,KONPLONG1920-335-68946,108.39944068,14.67480014,2019-10-06 13:53:00,2019-22-10 0:48:00,,,,None,,None,,CAM68946,0,Unknown Failure,Knee height,,Parallel,,,,,
KONPLONG19-20,KONPLONG1920-336-68954,Phase 02,,KONPLONG1920-336-68954,108.42124532,14.67498012,2019-10-06 15:46:00,2020-4-1 11:56:00,,,,None,,None,,CAM68954,0,Unknown Failure,Knee height,,Parallel,,,,,
KONPLONG19-20,KONPLONG1920-336-69025,Phase 02,,KONPLONG1920-336-69025,108.42121844,14.67489852,2019-10-06 15:41:00,2019-31-12 22:55:00,,,,None,,None,,CAM69025,0,Unknown Failure,Knee height,,Parallel,,,,,
KONPLONG19-20,KONPLONG1920-349-68841,Phase 02,,KONPLONG1920-349-68841,108.28259459,14.65338253,2019-10-05 14:06:00,2019-30-11 9:22:00,,,,None,,None,,CAM68841,0,Unknown Failure,Knee height,,Parallel,,,,,
KONPLONG19-20,KONPLONG1920-349-68994,Phase 02,,KONPLONG1920-349-68994,108.28261392,14.65331952,2019-10-05 14:06:00,2019-30-11 9:24:00,,,,None,,None,,CAM68994,0,Unknown Failure,Knee height,,Parallel,,,,,
KONPLONG19-20,KONPLONG1920-350-69012,Phase 02,,KONPLONG1920-350-69012,108.30683625,14.65424274,2019-10-05 15:45:00,2019-30-11 11:52:00,,,,None,,None,,CAM69012,0,Unknown Failure,Knee height,,Parallel,,,,,
KONPLONG19-20,KONPLONG1920-350-69016,Phase 02,,KONPLONG1920-350-69016,108.30682698,14.65424263,2019-10-05 15:42:00,2019-30-11 11:52:00,,,,None,,None,,CAM69016,0,Unknown Failure,Knee height,,Parallel,,,,,
KONPLONG19-20,KONPLONG1920-351-66961,Phase 02,,KONPLONG1920-351-66961,108.33074094,14.6531003,2019-10-04 16:59:00,2019-27-11 0:39:00,,,,None,,None,,CAM66961,0,Unknown Failure,Knee height,,Parallel,,,,,
KONPLONG19-20,KONPLONG1920-351-68875,Phase 02,,KONPLONG1920-351-68875,108.33080533,14.65314621,2019-10-04 16:57:00,2019-29-11 0:16:00,,,,None,,None,,CAM68875,0,Unknown Failure,Knee height,,Parallel,,,,,
KONPLONG19-20,KONPLONG1920-353-67102,Phase 02,,KONPLONG1920-353-67102,108.37564826,14.65068485,2019-10-24 10:26:00,2019-21-12 10:18:00,,,,None,,None,,CAM67102,0,Unknown Failure,Knee height,,Parallel,,,,,
KONPLONG19-20,KONPLONG1920-353-68966,Phase 02,,KONPLONG1920-353-68966,108.37563024,14.65063948,2019-10-24 10:24:00,2019-21-12 10:18:00,,,,None,,None,,CAM68966,0,Unknown Failure,Knee height,,Parallel,,,,,
KONPLONG19-20,KONPLONG1920-357-68859,Phase 02,,KONPLONG1920-357-68859,108.46718047,14.65233232,2019-10-22 11:09:00,2019-21-12 10:27:00,,,,None,,None,,CAM68859,0,Unknown Failure,Knee height,,Parallel,,,,,
KONPLONG19-20,KONPLONG1920-357-68916,Phase 02,,KONPLONG1920-357-68916,108.46725283,14.65249571,2019-10-22 11:07:00,2019-21-12 10:27:00,,,,None,,None,,CAM68916,0,Unknown Failure,Knee height,,Parallel,,,,,
KONPLONG19-20,KONPLONG1920-358-67072,Phase 02,,KONPLONG1920-358-67072,108.48805468,14.65181801,2019-10-14 12:07:00,2019-25-12 10:28:00,,,,None,,None,,CAM67072,0,Unknown Failure,Knee height,,Parallel,,,,,
KONPLONG19-20,KONPLONG1920-358-68840,Phase 02,,KONPLONG1920-358-68840,108.48791552,14.6518165,2019-10-14 12:22:00,2019-25-12 10:28:00,,,,None,,None,,CAM68840,0,Unknown Failure,Knee height,,Parallel,,,,,
KONPLONG19-20,KONPLONG1920-367-66990,Phase 02,,KONPLONG1920-367-66990,108.25873864,14.62975361,2019-10-03 10:46:00,2019-29-11 8:28:00,,,,None,,None,,CAM66990,0,Unknown Failure,Knee height,,Parallel,,,,,
KONPLONG19-20,KONPLONG1920-367-67054,Phase 02,,KONPLONG1920-367-67054,108.25873964,14.62967233,2019-10-03 10:49:00,2019-29-11 8:26:00,,,,None,,None,,CAM67054,0,Unknown Failure,Knee height,,Parallel,,,,,
KONPLONG19-20,KONPLONG1920-368-68876,Phase 02,,KONPLONG1920-368-68876,108.28273756,14.6304866,2019-10-03 16:55:00,2019-30-11 10:12:00,,,,None,,None,,CAM68876,0,Unknown Failure,Knee height,,Parallel,,,,,
KONPLONG19-20,KONPLONG1920-368-68919,Phase 02,,KONPLONG1920-368-68919,108.28279311,14.63049628,2019-10-03 16:48:00,2019-30-11 10:12:00,,,,None,,None,,CAM68919,0,Unknown Failure,Knee height,,Parallel,,,,,
KONPLONG19-20,KONPLONG1920-369-68974,Phase 02,,KONPLONG1920-369-68974,108.30458218,14.63143608,2019-10-03 15:20:00,2019-29-11 13:44:00,,,,None,,None,,CAM68974,0,Unknown Failure,Knee height,,Parallel,,,,,
KONPLONG19-20,KONPLONG1920-369-68979,Phase 02,,KONPLONG1920-369-68979,108.30483196,14.63149316,2019-10-03 15:12:00,2019-29-11 13:45:00,,,,None,,None,,CAM68979,0,Unknown Failure,Knee height,,Parallel,,,,,
KONPLONG19-20,KONPLONG1920-372-67105,Phase 02,,KONPLONG1920-372-67105,108.3765019,14.63118279,2019-10-22 16:08:00,2019-21-12 9:12:00,,,,None,,None,,CAM67105,0,Unknown Failure,Knee height,,Parallel,,,,,
KONPLONG19-20,KONPLONG1920-372-67111,Phase 02,,KONPLONG1920-372-67111,108.37655745,14.63119245,2019-10-22 16:13:00,2019-21-12 9:10:00,,,,None,,None,,CAM67111,0,Unknown Failure,Knee height,,Parallel,,,,,
KONPLONG19-20,KONPLONG1920-373-67119,Phase 02,,KONPLONG1920-373-67119,108.39889027,14.63024162,2019-10-14 10:30:00,2019-21-12 13:49:00,,,,None,,None,,CAM67119,0,Unknown Failure,Knee height,,Parallel,,,,,
KONPLONG19-20,KONPLONG1920-373-68976,Phase 02,,KONPLONG1920-373-68976,108.39882566,14.6302138,2019-10-14 10:29:00,2019-21-12 13:49:00,,,,None,,None,,CAM68976,0,Unknown Failure,Knee height,,Parallel,,,,,
KONPLONG19-20,KONPLONG1920-374-66941,Phase 02,,KONPLONG1920-374-66941,108.41874682,14.62764419,2019-10-13 11:18:00,2019-21-12 12:59:00,,,,None,,None,,CAM66941,0,Unknown Failure,Knee height,,Parallel,,,,,
KONPLONG19-20,KONPLONG1920-374-68921,Phase 02,,KONPLONG1920-374-68921,108.41884823,14.62769951,2019-10-13 11:18:00,2019-21-12 12:59:00,,,,None,,None,,CAM68921,0,Unknown Failure,Knee height,,Parallel,,,,,
KONPLONG19-20,KONPLONG1920-375-69019,Phase 02,,KONPLONG1920-375-69019,108.44213342,14.63184092,2019-10-17 13:42:00,2019-22-12 15:01:00,,,,None,,None,,CAM69019,0,Unknown Failure,Knee height,,Parallel,,,,,
KONPLONG19-20,KONPLONG1920-375-69029,Phase 02,,KONPLONG1920-375-69029,108.44223547,14.63184204,2019-10-17 13:55:00,2019-22-12 15:03:00,,,,None,,None,,CAM69029,0,Unknown Failure,Knee height,,Parallel,,,,,
KONPLONG19-20,KONPLONG1920-376-69005,Phase 02,,KONPLONG1920-376-69005,108.4678975,14.62867168,2019-10-13 9:32:00,2020-10-1 8:00:00,,,,None,,None,,CAM69005,0,Unknown Failure,Knee height,,Parallel,,,,,
KONPLONG19-20,KONPLONG1920-376-69014,Phase 02,,KONPLONG1920-376-69014,108.46786822,14.62879784,2019-10-13 9:50:00,2020-8-1 16:14:00,,,,None,,None,,CAM69014,0,Unknown Failure,Knee height,,Parallel,,,,,
KONPLONG19-20,KONPLONG1920-386-67170,Phase 02,,KONPLONG1920-386-67170,108.25857157,14.60958221,2019-10-03 9:19:00,2019-29-11 9:11:00,,,,None,,None,,CAM67170,0,Unknown Failure,Knee height,,Parallel,,,,,
KONPLONG19-20,KONPLONG1920-386-69021,Phase 02,,KONPLONG1920-386-69021,108.25850587,14.60964467,2019-10-03 9:17:00,2019-29-11 9:13:00,,,,None,,None,,CAM69021,0,Unknown Failure,Knee height,,Parallel,,,,,
KONPLONG19-20,KONPLONG1920-391-68704,Phase 02,,KONPLONG1920-391-68704,108.37336606,14.61012722,2019-10-24 14:35:00,2019-17-12 21:42:00,,,,None,,None,,CAM68704,0,Unknown Failure,Knee height,,Parallel,,,,,
KONPLONG19-20,KONPLONG1920-391-68947,Phase 02,,KONPLONG1920-391-68947,108.37325379,14.61020725,2019-10-24 14:37:00,2019-4-11 17:37:00,,,,None,,None,,CAM68947,0,Unknown Failure,Knee height,,Parallel,,,,,
KONPLONG19-20,KONPLONG1920-392-68909,Phase 02,,KONPLONG1920-392-68909,108.3978455,14.60946231,2019-10-21 16:58:00,2019-19-12 14:01:00,,,,None,,None,,CAM68909,0,Unknown Failure,Knee height,,Parallel,,,,,
KONPLONG19-20,KONPLONG1920-392-68952,Phase 02,,KONPLONG1920-392-68952,108.39769784,14.60939742,2019-10-21 16:50:00,2019-19-12 13:57:00,,,,None,,None,,CAM68952,0,Unknown Failure,Knee height,,Parallel,,,,,
KONPLONG19-20,KONPLONG1920-393-67075,Phase 02,,KONPLONG1920-393-67075,108.41882406,14.60594665,2019-10-14 13:10:00,2019-11-08 3:47:00,,,,None,,None,,CAM67075,0,Unknown Failure,Knee height,,Parallel,,,,,
KONPLONG19-20,KONPLONG1920-393-69217,Phase 02,,KONPLONG1920-393-69217,108.41886,14.60604641,2019-10-14 13:14:00,2019-10-14 13:14:00,,,,None,,None,,CAM69217,0,Unknown Failure,Knee height,,Parallel,,,,,
KONPLONG19-20,KONPLONG1920-394-66989,Phase 02,,KONPLONG1920-394-66989,108.44515652,14.60710389,2019-10-13 17:01:00,2019-12-21 8:49:00,,,,None,,None,,CAM66989,0,Unknown Failure,Knee height,,Parallel,,,,,
KONPLONG19-20,KONPLONG1920-394-68992,Phase 02,,KONPLONG1920-394-68992,108.44516642,14.607049800000002,2019-10-13 17:10:00,2019-12-21 8:50:00,,,,None,,None,,CAM68992,0,Unknown Failure,Knee height,,Parallel,,,,,
KONPLONG19-20,KONPLONG1920-395-68973,Phase 02,,KONPLONG1920-395-68973,108.46811892,14.60530371,2019-10-13 15:10:00,2019-12-24 10:53:00,,,,None,,None,,CAM68973,0,Unknown Failure,Knee height,,Parallel,,,,,
KONPLONG19-20,KONPLONG1920-395-68920,Phase 02,,KONPLONG1920-395-68920,108.46818365,14.60532248,2019-10-13 15:25:00,2019-12-24 10:54:00,,,,None,,None,,CAM68920,0,Unknown Failure,Knee height,,Parallel,,,,,
KONPLONG19-20,KONPLONG1920-396-66983,Phase 02,,KONPLONG1920-396-66983,108.49029816,14.6038451,2019-10-16 14:25:00,2019-12-24 9:02:00,,,,None,,None,,CAM66983,0,Unknown Failure,Knee height,,Parallel,,,,,
KONPLONG19-20,KONPLONG1920-396-67136,Phase 02,,KONPLONG1920-396-67136,108.49030611,14.60396263,2019-10-16 14:10:00,2019-12-24 9:00:00,,,,None,,None,,CAM67136,0,Unknown Failure,Knee height,,Parallel,,,,,
KONPLONG19-20,KONPLONG1920-397-68824,Phase 02,,KONPLONG1920-397-68824,108.51356668,14.60369686,2019-10-22 9:35:00,2019-12-23 12:12:00,,,,None,,None,,CAM68824,0,Unknown Failure,Knee height,,Parallel,,,,,
KONPLONG19-20,KONPLONG1920-397-68885,Phase 02,,KONPLONG1920-397-68885,108.51350929999998,14.60384982,2019-10-22 9:35:00,2019-12-23 12:11:00,,,,None,,None,,CAM68885,0,Unknown Failure,Knee height,,Parallel,,,,,
KONPLONG19-20,KONPLONG1920-412-66962,Phase 02,,KONPLONG1920-412-66962,108.42076646,14.58415225,2019-10-20 15:56:00,2019-12-20 12:23:00,,,,None,,None,,CAM66962,0,Unknown Failure,Knee height,,Parallel,,,,,
KONPLONG19-20,KONPLONG1920-412-69216,Phase 02,,KONPLONG1920-412-69216,108.42079375,14.58419772,2019-10-20 15:56:00,2019-12-19 22:00:00,,,,None,,None,,CAM69216,0,Unknown Failure,Knee height,,Parallel,,,,,
KONPLONG19-20,KONPLONG1920-413-66996,Phase 02,,KONPLONG1920-413-66996,108.44434888,14.58225253,2019-10-23 11:51:00,2019-12-20 10:12:00,,,,None,,None,,CAM66996,0,Unknown Failure,Knee height,,Parallel,,,,,
KONPLONG19-20,KONPLONG1920-413-68980,Phase 02,,KONPLONG1920-413-68980,108.44435878,14.58219843,2019-10-23 11:49:00,2019-12-20 10:16:00,,,,None,,None,,CAM68980,0,Unknown Failure,Knee height,,Parallel,,,,,
KONPLONG19-20,KONPLONG1920-415-67062,Phase 02,,KONPLONG1920-415-67062,108.48991141,14.58314423,2019-10-18 14:25:00,2020-01-10 9:27:00,,,,None,,None,,CAM67062,0,Unknown Failure,Knee height,,Parallel,,,,,
KONPLONG19-20,KONPLONG1920-415-68950,Phase 02,,KONPLONG1920-415-68950,108.48990967,14.58329778,2019-10-18 14:05:00,2019-12-17 11:48:00,,,,None,,None,,CAM68950,0,Unknown Failure,Knee height,,Parallel,,,,,
KONPLONG19-20,KONPLONG1920-416-67168,Phase 02,,KONPLONG1920-416-67168,108.51382299,14.58253277,2019-10-20 16:08:00,2019-12-25 9:31:00,,,,None,,None,,CAM67168,0,Unknown Failure,Knee height,,Parallel,,,,,
KONPLONG19-20,KONPLONG1920-416-66998,Phase 02,,KONPLONG1920-416-66998,108.51385959,14.58257833,2019-10-20 16:15:00,2019-12-25 8:08:00,,,,None,,None,,CAM66998,0,Unknown Failure,Knee height,,Parallel,,,,,
KONPLONG19-20,KONPLONG1920-417-68808,Phase 02,,KONPLONG1920-417-68808,108.53724651,14.58245574,2019-10-20 14:50:00,2019-10-28 6:21:00,,,,None,,None,,CAM68808,0,Unknown Failure,Knee height,,Parallel,,,,,
KONPLONG19-20,KONPLONG1920-417-68836,Phase 02,,KONPLONG1920-417-68836,108.53738695,14.58233978,2019-10-20 14:41:00,2019-12-25 9:16:00,,,,None,,None,,CAM68836,0,Unknown Failure,Knee height,,Parallel,,,,,
KONPLONG19-20,KONPLONG1920-432-67150,Phase 02,,KONPLONG1920-432-67150,108.44475491,14.56071169,2019-10-23 15:55:00,2019-11-28 22:25:00,,,,None,,None,,CAM67150,0,Unknown Failure,Knee height,,Parallel,,,,,
KONPLONG19-20,KONPLONG1920-432-68907,Phase 02,,KONPLONG1920-432-68907,108.44474574,14.56070256,2019-10-23 15:57:00,2019-11-11 11:16:00,,,,None,,None,,CAM68907,0,Unknown Failure,Knee height,,Parallel,,,,,
KONPLONG19-20,KONPLONG1920-433-68900,Phase 02,,KONPLONG1920-433-68900,108.46033895,14.55890308,2019-10-21 12:07:00,2019-12-18 10:48:00,,,,None,,None,,CAM68900,0,Unknown Failure,Knee height,,Parallel,,,,,
KONPLONG19-20,KONPLONG1920-433-69002,Phase 02,,KONPLONG1920-433-69002,108.46033081,14.55880362,2019-10-21 12:11:00,2019-12-18 12:47:00,,,,None,,None,,CAM69002,0,Unknown Failure,Knee height,,Parallel,,,,,
KONPLONG19-20,KONPLONG1920-434-68962,Phase 02,,KONPLONG1920-434-68962,108.4907638,14.56111057,2019-10-21 10:03:00,2019-11-03 17:25:00,,,,None,,None,,CAM68962,0,Unknown Failure,Knee height,,Parallel,,,,,
KONPLONG19-20,KONPLONG1920-434-68988,Phase 02,,KONPLONG1920-434-68988,108.49072671,14.56111017,2019-10-21 10:15:00,2019-12-24 13:07:00,,,,None,,None,,CAM68988,0,Unknown Failure,Knee height,,Parallel,,,,,
KONPLONG19-20,KONPLONG1920-435-68998,Phase 02,,KONPLONG1920-435-68998,108.51316598,14.56006706,2019-10-21 13:09:00,2019-12-23 12:05:00,,,,None,,None,,CAM68998,0,Unknown Failure,Knee height,,Parallel,,,,,
KONPLONG19-20,KONPLONG1920-435-68959,Phase 02,,KONPLONG1920-435-68959,108.51330509,14.56006854,2019-10-21 13:19:00,2019-12-23 12:08:00,,,,None,,None,,CAM68959,0,Unknown Failure,Knee height,,Parallel,,,,,
